dataset,configuration,seed,macro_f1,accuracy,mcc,auroc,seconds
ciciot2023,full,43,0.538559671480749,0.7045540895918231,0.631532582648277,0.9374218323151258,11.937833070755005
ciciot2023,full,19,0.3247791051278486,0.46901982403468645,0.3742132610644562,0.9185022100900525,11.942716360092163
ciciot2023,full,31,0.37441026940197686,0.5427285798362524,0.4773142145082362,0.9181072559227546,11.940897703170776
ciciot2023,full,59,0.37711409964110976,0.6277834479367658,0.5491466068034148,0.9134889524440771,12.355291604995728
ciciot2023,full,7,0.4860991867740324,0.5914878083304155,0.5146341204448349,0.9184495292764867,12.540616035461426
ciciot2023,no_adaptive,19,0.351280405876672,0.4784662261325625,0.38210727226848096,0.9212099011965585,11.056939601898193
ciciot2023,no_adaptive,31,0.36829238483455795,0.540121134462233,0.4747037403104708,0.9157364453547814,11.575303554534912
ciciot2023,no_adaptive,7,0.48082932449643206,0.5820935551400198,0.5148329411495185,0.917962805137434,11.777354955673218
ciciot2023,no_adaptive,43,0.5355956008320504,0.7036824578525079,0.6310661606854817,0.9368989664973284,11.79241418838501
ciciot2023,no_adaptive,59,0.38254286984168706,0.6127571127384881,0.5299321712594184,0.9192758104023544,12.211720943450928
