dataset,seed,heldout,shots,new_f1,historical_macro_f1,overall_macro_f1
ciciot2023,31,Web-based,5,0.9979683055668428,0.362363765469125,0.3279850563458918
ciciot2023,31,Web-based,10,0.9989851836817536,0.28562811883961364,0.26089553435593427
ciciot2023,31,Web-based,25,1.0,0.27282169749277524,0.24965681796532246
ciciot2023,31,Web-based,50,1.0,0.3082042620652995,0.28062180401825054
ciciot2023,31,Web-based,100,1.0,0.3044011386428563,0.2772054428501685
ciciot2023,43,Web-based,5,0.9997972013790306,0.38664345331896594,0.3503497621327235
ciciot2023,43,Web-based,10,1.0,0.38414363770780335,0.3481147149261859
ciciot2023,43,Web-based,25,1.0,0.3515540197670706,0.31920334334553235
ciciot2023,43,Web-based,50,1.0,0.36712818419979776,0.33286375240537464
ciciot2023,43,Web-based,100,1.0,0.34372103191061765,0.31220330799095763
ciciot2023,59,Web-based,5,0.9989851836817536,0.23759200061517077,0.2184924312466234
ciciot2023,59,Web-based,10,1.0,0.23979728411971274,0.2204378413329371
ciciot2023,59,Web-based,25,1.0,0.23378456844709722,0.21512668795879986
ciciot2023,59,Web-based,50,1.0,0.23146234914557326,0.21296632543635324
ciciot2023,59,Web-based,100,1.0,0.2251899848477586,0.20742894335858097
ciciot2023,19,Web-based,5,0.9916172561848293,0.22702297564835713,0.20971113030208396
ciciot2023,19,Web-based,10,0.9916172561848293,0.28944702076793394,0.2643412771210717
ciciot2023,19,Web-based,25,0.9965412004069176,0.17274275062527739,0.1579406679648993
ciciot2023,19,Web-based,50,0.9967453213995118,0.1763135365758017,0.16083908295027147
ciciot2023,19,Web-based,100,0.9967453213995118,0.17783818997829615,0.16149676183421102
ciciot2023,7,Web-based,5,1.0,0.22170729982188048,0.2048475694976286
ciciot2023,7,Web-based,10,1.0,0.12682674935134425,0.11969668048326954
ciciot2023,7,Web-based,25,1.0,0.1602901155096234,0.14801169070448367
ciciot2023,7,Web-based,50,1.0,0.23117933875040347,0.2103515043799793
ciciot2023,7,Web-based,100,1.0,0.16526842852406007,0.15219084935662444
edgeiiotset,7,Information_Gathering,5,0.6233644859813084,0.16402051490557548,0.14042402601753792
edgeiiotset,7,Information_Gathering,10,0.9663157894736842,0.10534599838599905,0.10049413146025186
edgeiiotset,7,Information_Gathering,25,0.9337676438653637,0.10239661514758036,0.09721146193730022
edgeiiotset,7,Information_Gathering,50,0.9777931991672449,0.0845675651160879,0.08285923435517124
edgeiiotset,7,Information_Gathering,100,1.0,0.07633207150761813,0.07646009884642084
edgeiiotset,19,Information_Gathering,5,0.9907502569373073,0.15874174487313172,0.1437077803963684
edgeiiotset,19,Information_Gathering,10,1.0,0.0,0.010707198464792726
edgeiiotset,19,Information_Gathering,25,1.0,0.0,0.010707198464792726
edgeiiotset,19,Information_Gathering,50,1.0,0.0,0.010707198464792726
edgeiiotset,19,Information_Gathering,100,1.0,0.0,0.010707198464792726
edgeiiotset,59,Information_Gathering,5,0.22316043425814233,0.2673073209135032,0.24069644554170697
edgeiiotset,59,Information_Gathering,10,0.26092089728453366,0.27092400993676313,0.2357129008078541
edgeiiotset,59,Information_Gathering,25,0.2526690391459075,0.25496335535856646,0.2243711356291694
edgeiiotset,59,Information_Gathering,50,0.2505938242280285,0.26366868199820176,0.23120861038874688
edgeiiotset,59,Information_Gathering,100,0.27819988310929283,0.2670024612985674,0.23240608904929472
edgeiiotset,43,Information_Gathering,5,1.0,0.0,0.010707198464792726
edgeiiotset,43,Information_Gathering,10,1.0,0.0,0.010707198464792726
edgeiiotset,43,Information_Gathering,25,1.0,0.0,0.010707198464792726
edgeiiotset,43,Information_Gathering,50,1.0,0.0,0.010707198464792726
edgeiiotset,43,Information_Gathering,100,1.0,0.0,0.010707198464792726
edgeiiotset,31,Information_Gathering,5,0.5247871807711567,0.21945705978973376,0.1785969962348294
edgeiiotset,31,Information_Gathering,10,0.9724450645273806,0.11653949272209263,0.11030505939824937
edgeiiotset,31,Information_Gathering,25,0.9823834196891191,0.09906033963423816,0.09516511655311168
edgeiiotset,31,Information_Gathering,50,0.9965940054495913,0.04917923775986764,0.05226482402820992
edgeiiotset,31,Information_Gathering,100,0.9965940054495913,0.04619862398251566,0.04974201726560291
