dataset,method,seed,final_macro_f1,avg_forgetting,bwt,matrix_json
ciciot2023,fedavg,7,0.03241749335408157,0.07430422734968736,-0.07430422734968736,"[[0.37152113674843684], [0.0646117900790798, 0.0], [0.0, 0.0, 0.0], [0.0, 0.0, 0.0, 0.0], [0.0, 0.0, 0.0, 0.0, 0.0], [0.0, 0.0, 0.0, 0.0, 0.0, 0.0]]"
ciciot2023,fedavg,19,0.11671990650673758,0.2579158727466956,-0.2579158727466956,"[[0.3884235989320494], [0.0, 0.8695286431315369], [0.0, 0.2519944502254596, 0.030109670987038883], [0.0, 0.08756700346283383, 0.0, 0.0015174506828528073], [0.0, 0.0026752539014119397, 0.0, 0.0, 0.0], [0.0, 0.0, 0.0, 0.0, 0.0, 0.9747876408677113]]"
ciciot2023,fedavg,31,0.03574722587656581,0.19309354643847385,-0.19309354643847385,"[[0.462082833551422], [0.31570543350842195, 0.48532892512304165], [0.2850655533582363, 0.0002976042855017112, 0.018055973517905506], [0.06591756892002548, 0.0, 0.0, 0.0], [0.0, 0.0, 0.0, 0.0, 0.0], [0.0, 0.0, 0.0, 0.0, 0.0, 0.0]]"
ciciot2023,fedavg,43,0.03241749335408157,0.06991875711130921,-0.06991875711130921,"[[0.3494945742861458], [0.2897372530395884, 9.921127040031748e-05], [0.0, 0.0, 0.0], [0.0, 0.0, 0.0, 0.0], [0.0, 0.0, 0.0, 0.0, 0.0], [0.0, 0.0, 0.0, 0.0, 0.0, 0.0]]"
ciciot2023,fedavg,59,0.10708357289511686,0.23966056528274363,-0.21141027492472086,"[[0.3005663803297825], [0.4418178321198962, 0.7564849942938219], [0.39505926869367447, 0.10669672208133747, 0.0], [0.1966104160605179, 0.0, 0.0, 0.0], [0.08869667525341332, 0.0, 0.0, 0.0, 0.0], [0.0, 0.0, 0.0, 0.0, 0.0, 0.99867786077874]]"
ciciot2023,fedavg_ewc,7,0.03241749335408157,0.07430422734968736,-0.07430422734968736,"[[0.37152113674843684], [0.0646117900790798, 0.0], [0.0, 0.0, 0.0], [0.0, 0.0, 0.0, 0.0], [0.0, 0.0, 0.0, 0.0, 0.0], [0.0, 0.0, 0.0, 0.0, 0.0, 0.0]]"
ciciot2023,fedavg_ewc,19,0.1167171588387396,0.2579158727466956,-0.2579158727466956,"[[0.3884235989320494], [0.0, 0.8695286431315369], [0.0, 0.2519944502254596, 0.030109670987038883], [0.0, 0.08756700346283383, 0.0, 0.0015174506828528073], [0.0, 0.0026752539014119397, 0.0, 0.0, 0.0], [0.0, 0.0, 0.0, 0.0, 0.0, 0.9747529443617166]]"
ciciot2023,fedavg_ewc,31,0.035743648036145784,0.19309354643847385,-0.19309354643847385,"[[0.462082833551422], [0.31570543350842195, 0.48532892512304165], [0.28499206252289655, 0.0002976042855017112, 0.018055973517905506], [0.06591756892002548, 0.0, 0.0, 0.0], [0.0, 0.0, 0.0, 0.0, 0.0], [0.0, 0.0, 0.0, 0.0, 0.0, 0.0]]"
ciciot2023,fedavg_ewc,43,0.03241749335408157,0.06991875711130921,-0.06991875711130921,"[[0.3494945742861458], [0.2897372530395884, 9.921127040031748e-05], [0.0, 0.0, 0.0], [0.0, 0.0, 0.0, 0.0], [0.0, 0.0, 0.0, 0.0, 0.0], [0.0, 0.0, 0.0, 0.0, 0.0, 0.0]]"
ciciot2023,fedavg_ewc,59,0.10708702160344383,0.23966056528274363,-0.21141027492472086,"[[0.3005663803297825], [0.4418178321198962, 0.7564849942938219], [0.39515544074111175, 0.10669672208133747, 0.0], [0.1966056491695963, 0.0, 0.0, 0.0], [0.08862705642138786, 0.0, 0.0, 0.0, 0.0], [0.0, 0.0, 0.0, 0.0, 0.0, 0.99867786077874]]"
ciciot2023,dexfcl,7,0.038433432298447714,0.072457359623525,-0.072457359623525,"[[0.3849149708811996], [0.07507844016136261, 0.0], [0.0, 0.0, 0.0], [0.0, 0.0, 0.0, 0.0], [0.0, 0.0, 0.0, 0.0, 0.0], [0.02262817276357461, 0.0, 0.0, 0.0, 0.0, 0.0]]"
ciciot2023,dexfcl,19,0.10433953251786052,0.2521903271008532,-0.2521903271008532,"[[0.38375625711282435], [0.0, 0.8647217841856274], [0.0, 0.2519944502254596, 0.012473594205814304], [0.0, 0.03767339985397907, 0.0, 0.0], [0.0, 0.0001984126984126984, 0.0, 0.0, 0.0], [0.0, 0.0, 0.0, 0.0, 0.0, 0.990805516689986]]"
ciciot2023,dexfcl,31,0.03558388484987309,0.18960380501867474,-0.18960380501867474,"[[0.45664161675265663], [0.41739198063136107, 0.49167570803247407], [0.2489659247587158, 0.0002976042855017112, 0.0], [0.05480087162130836, 0.0, 0.0, 0.0], [0.0001492463061539227, 0.0, 0.0, 0.0, 0.0], [0.00029829969175698516, 0.0, 0.0, 0.0, 0.0, 0.0]]"
ciciot2023,dexfcl,43,0.03241749335408157,0.06777724779214823,-0.06777724779214823,"[[0.33888623896074116], [0.28890301853958905, 0.0], [0.0, 0.0, 0.0], [0.0, 0.0, 0.0, 0.0], [0.0, 0.0, 0.0, 0.0, 0.0], [0.0, 0.0, 0.0, 0.0, 0.0, 0.0]]"
ciciot2023,dexfcl,59,0.21875272251358413,0.18880636970831782,-0.15407672420069934,"[[0.31729120157089313], [0.42951725503673965, 0.7579025201799249], [0.4909394291089855, 0.09136959712162099, 0.0], [0.26298658381295453, 0.0, 0.0, 0.0], [0.22312728347321192, 0.0, 0.0, 0.0, 0.0], [0.30481010074732134, 0.0, 0.0, 0.0, 0.0, 0.9954237962594509]]"
edgeiiotset,fedavg,7,0.1404357406417461,0.1665475101708526,-0.1665475101708526,"[[0.6661900406834104], [0.562619604507761, 0.0], [0.2916350770785949, 0.0, 0.0], [0.0, 0.0, 0.0, 0.0], [0.0, 0.0, 0.0, 0.0, 0.0]]"
edgeiiotset,fedavg,19,0.1404357406417461,0.22780274742490986,-0.13657367606370083,"[[0.5443872173687756], [0.8682404152017412, 0.0], [0.0, 0.0, 0.0019074868860276585], [0.0, 0.0, 0.04297057449789818, 0.0], [0.0, 0.0, 0.0, 0.0, 0.0]]"
edgeiiotset,fedavg,31,0.1404357406417461,0.11316294511528871,-0.11316294511528871,"[[0.45265178046115484], [0.0, 0.0], [0.0, 0.0, 0.0], [0.0, 0.0, 0.0, 0.0], [0.0, 0.0, 0.0, 0.0, 0.0]]"
edgeiiotset,fedavg,43,0.1404357406417461,0.2221638521866632,-0.2221638521866632,"[[0.8886554087466528], [0.21282220753469927, 0.0], [0.0, 0.0, 0.0], [0.0, 0.0, 0.0, 0.0], [0.0, 0.0, 0.0, 0.0, 0.0]]"
edgeiiotset,fedavg,59,0.1404357406417461,0.2565770381543967,-0.17235604680832098,"[[0.5687336483440443], [0.9056176137283471, 0.08078175895765473], [0.0, 0.0, 0.0], [0.0, 0.0, 0.0, 0.039908779931584946], [0.0, 0.0, 0.0, 0.0, 0.0]]"
edgeiiotset,fedavg_ewc,7,0.1404357406417461,0.1665475101708526,-0.1665475101708526,"[[0.6661900406834104], [0.562619604507761, 0.0], [0.2916350770785949, 0.0, 0.0], [0.0, 0.0, 0.0, 0.0], [0.0, 0.0, 0.0, 0.0, 0.0]]"
edgeiiotset,fedavg_ewc,19,0.1404357406417461,0.22780274742490986,-0.13657367606370083,"[[0.5443872173687756], [0.8682404152017412, 0.0], [0.0, 0.0, 0.0019074868860276585], [0.0, 0.0, 0.04297057449789818, 0.0], [0.0, 0.0, 0.0, 0.0, 0.0]]"
edgeiiotset,fedavg_ewc,31,0.1404357406417461,0.11316294511528871,-0.11316294511528871,"[[0.45265178046115484], [0.0, 0.0], [0.0, 0.0, 0.0], [0.0, 0.0, 0.0, 0.0], [0.0, 0.0, 0.0, 0.0, 0.0]]"
edgeiiotset,fedavg_ewc,43,0.1404357406417461,0.2221638521866632,-0.2221638521866632,"[[0.8886554087466528], [0.21282220753469927, 0.0], [0.0, 0.0, 0.0], [0.0, 0.0, 0.0, 0.0], [0.0, 0.0, 0.0, 0.0, 0.0]]"
edgeiiotset,fedavg_ewc,59,0.1404357406417461,0.2565770381543967,-0.17235604680832098,"[[0.5687336483440443], [0.9056176137283471, 0.08078175895765473], [0.0, 0.0, 0.0], [0.0, 0.0, 0.0, 0.039908779931584946], [0.0, 0.0, 0.0, 0.0, 0.0]]"
edgeiiotset,dexfcl,7,0.1404357406417461,0.17603956618430344,-0.17603956618430344,"[[0.7041582647372138], [0.526269893176368, 0.0], [0.2781456953642384, 0.0, 0.0], [0.0, 0.0, 0.0, 0.0], [0.0, 0.0, 0.0, 0.0, 0.0]]"
edgeiiotset,dexfcl,19,0.1404357406417461,0.19941586485370513,-0.13977757973510807,"[[0.5591103189404323], [0.7666484218208356, 0.0], [0.0, 0.0, 0.0], [0.0, 0.0, 0.03101503759398496, 0.0], [0.0, 0.0, 0.0, 0.0, 0.0]]"
edgeiiotset,dexfcl,31,0.1404357406417461,0.11316294511528871,-0.11316294511528871,"[[0.45265178046115484], [0.0, 0.0], [0.0, 0.0, 0.0], [0.0, 0.0, 0.0, 0.0], [0.0, 0.0, 0.0, 0.0, 0.0]]"
edgeiiotset,dexfcl,43,0.1404357406417461,0.2222718818215838,-0.2222718818215838,"[[0.8890875272863352], [0.19420328569520504, 0.0], [0.0, 0.0, 0.0], [0.0, 0.0, 0.0, 0.0], [0.0, 0.0, 0.0, 0.0, 0.0]]"
edgeiiotset,dexfcl,59,0.1404357406417461,0.23079855155326853,-0.15392410665032996,"[[0.5813911092771346], [0.8888888888888888, 0.0], [0.0, 0.0, 0.0], [0.0, 0.0, 0.0, 0.03430531732418525], [0.0, 0.0, 0.0, 0.0, 0.0]]"
