mode,dataset,seed,detected,false_alarm_rate,delay_samples,seconds
entropy,ciciot2023,31,False,0.0,,11.288429737091064
latent,ciciot2023,31,True,0.0,0.0,11.288439512252808
dual,ciciot2023,31,True,0.0,0.0,11.288440465927124
entropy,ciciot2023,19,False,0.0,,11.59337043762207
latent,ciciot2023,19,True,0.0,0.0,11.593377828598022
dual,ciciot2023,19,True,0.0,0.0,11.59337854385376
entropy,ciciot2023,43,False,0.0,,11.857779741287231
latent,ciciot2023,43,True,0.0,0.0,11.857787132263184
dual,ciciot2023,43,True,0.0,0.0,11.8577880859375
entropy,ciciot2023,59,False,0.0,,11.818449020385742
latent,ciciot2023,59,True,0.0,0.0,11.81845736503601
dual,ciciot2023,59,True,0.0,0.0,11.818458080291748
entropy,ciciot2023,7,False,0.0,,12.16369915008545
latent,ciciot2023,7,True,0.0,0.0,12.163706302642822
dual,ciciot2023,7,True,0.0,0.0,12.16370701789856
entropy,edgeiiotset,7,False,0.0,,5.073963165283203
latent,edgeiiotset,7,True,0.0,0.0,5.073964595794678
dual,edgeiiotset,7,True,0.0,0.0,5.073965072631836
entropy,edgeiiotset,19,False,0.0,,5.200827598571777
latent,edgeiiotset,19,True,0.08333333333333333,0.0,5.200829267501831
dual,edgeiiotset,19,True,0.0,0.0,5.200829744338989
entropy,edgeiiotset,43,False,0.0,,5.010759592056274
latent,edgeiiotset,43,True,0.0,0.0,5.010761022567749
dual,edgeiiotset,43,True,0.0,0.0,5.010761499404907
entropy,edgeiiotset,31,False,0.0,,5.245675086975098
latent,edgeiiotset,31,True,0.0,0.0,5.245676517486572
dual,edgeiiotset,31,True,0.0,0.0,5.2456769943237305
entropy,edgeiiotset,59,False,0.0,,5.104067802429199
latent,edgeiiotset,59,True,0.0,0.0,5.104069471359253
dual,edgeiiotset,59,True,0.0,0.0,5.10407018661499
