dataset,method,seed,spearman,kendall,jaccard10
ciciot2023,fedavg,7,0.9629149797570851,0.8672480016609572,0.712953712953713
ciciot2023,fedavg,19,0.9703361389303219,0.8789331628666812,0.7941663599558337
ciciot2023,fedavg,31,0.9601853824845518,0.8583351090276298,0.7621326042378674
ciciot2023,fedavg,43,0.9740244039586146,0.8861898335582548,0.8205451955451957
ciciot2023,fedavg,59,0.9783091542959963,0.8965736992052784,0.7963610463610463
ciciot2023,dexfcl,7,0.9640049828713797,0.8689920066438286,0.7412228796844182
ciciot2023,dexfcl,19,0.9700085233326231,0.8774060657717169,0.7981536007851799
ciciot2023,dexfcl,31,0.9611708928190922,0.8606435116130405,0.759433548907233
ciciot2023,dexfcl,43,0.974623256860099,0.8883265856950069,0.824106449106449
ciciot2023,dexfcl,59,0.9765716374269007,0.8937246963562752,0.79496891996892
edgeiiotset,fedavg,7,0.9535358047041292,0.8622135350273364,0.7876432510578852
edgeiiotset,fedavg,19,0.9731275704512419,0.8862736732323592,0.8789645728421239
edgeiiotset,fedavg,31,0.9716038003403291,0.887993612078978,0.8125728438228439
edgeiiotset,fedavg,43,0.934881075029477,0.8312830358624287,0.7244660101802959
edgeiiotset,fedavg,59,0.9798152499797425,0.9107433217189314,0.818939393939394
edgeiiotset,dexfcl,7,0.954986452060453,0.8636865811166821,0.8001023366877026
edgeiiotset,dexfcl,19,0.9716458660281228,0.8834767356419918,0.8747918747918749
edgeiiotset,dexfcl,31,0.9718418280528321,0.8872677119628339,0.8165792540792541
edgeiiotset,dexfcl,43,0.9380793075677724,0.8369717224869041,0.7439091520724173
edgeiiotset,dexfcl,59,0.9812332874159306,0.9126596980255517,0.811013986013986
