dataset,method,seed,macro_f1,accuracy,mcc,auroc,alpha,seconds
ciciot2023,fedavg,7,0.4819883589382668,0.5830620348503699,0.5157380492323855,0.9177044746690618,0.3,
ciciot2023,fedavg,19,0.3506350001839057,0.4783321289418987,0.3818381889907318,0.9213176802783618,0.3,
ciciot2023,fedavg,31,0.367847779392721,0.5398007911734249,0.474608037342113,0.9154539115192616,0.3,
ciciot2023,fedavg,43,0.5353229577216236,0.703779305823543,0.631139072458146,0.937007132875138,0.3,
ciciot2023,fedavg,59,0.3704104751796223,0.6012843530928027,0.5154918328681151,0.9176277775616348,0.3,
ciciot2023,fedprox,7,0.4868567580431167,0.580953729019377,0.5132166051185773,0.9179933816393876,0.3,
ciciot2023,fedprox,19,0.3499334027006879,0.4780564847166452,0.3816475212234578,0.9208491284973472,0.3,
ciciot2023,fedprox,31,0.368727710511063,0.5402775811846742,0.4749200404044597,0.9158038297157528,0.3,
ciciot2023,fedprox,43,0.5284332408841917,0.7026320298589744,0.6299258212973746,0.9362403881050212,0.3,
ciciot2023,fedprox,59,0.3681509493158602,0.5958608667148423,0.50893329740663,0.9185297389665386,0.3,
ciciot2023,scaffold,7,0.3383903749831944,0.4825934396674389,0.3878048518055126,0.8736900049295909,0.3,
ciciot2023,scaffold,19,0.289461469509323,0.4333052722545463,0.4000824380482687,0.8939846946364114,0.3,
ciciot2023,scaffold,31,0.3835519144348214,0.512295967399483,0.454239528484545,0.9057284792462929,0.3,
ciciot2023,scaffold,43,0.3175666825107838,0.4908404168932661,0.3978330953337893,0.89084612360816,0.3,
ciciot2023,scaffold,59,0.2377258298993071,0.3446074304743315,0.2891822727882747,0.899717416731382,0.3,
ciciot2023,dexfcl,7,0.4860991867740324,0.5914878083304155,0.5146341204448349,0.9184495292764868,0.3,
ciciot2023,dexfcl,19,0.3247791051278486,0.4690198240346864,0.3742132610644562,0.9185022100900524,0.3,
ciciot2023,dexfcl,31,0.3744102694019768,0.5427285798362524,0.4773142145082362,0.9181072559227546,0.3,
ciciot2023,dexfcl,43,0.538559671480749,0.7045540895918231,0.631532582648277,0.9374218323151258,0.3,
ciciot2023,dexfcl,59,0.3771140996411097,0.6277834479367658,0.5491466068034148,0.9134889524440772,0.3,
edgeiiotset,fedavg,7,0.3112029746488317,0.617519826964672,0.4647145400837339,0.831457710761217,0.3,
edgeiiotset,fedavg,19,0.4313123257245581,0.7782759552992069,0.5615194103253378,0.8981677114282478,0.3,
edgeiiotset,fedavg,31,0.3905605156537493,0.8351883561643836,0.5835046255653703,0.7673650058927782,0.3,
edgeiiotset,fedavg,43,0.3504525090129441,0.831696106705119,0.5881523218178986,0.8128204177494966,0.3,
edgeiiotset,fedavg,59,0.3087992220596525,0.3211292357606344,0.3063757437405818,0.859783622823513,0.3,
edgeiiotset,fedprox,7,0.310899818710604,0.6164383561643836,0.4638568001687538,0.8245361957776467,0.3,
edgeiiotset,fedprox,19,0.427502400755382,0.7689032083633742,0.551406000661225,0.8999462895878056,0.3,
edgeiiotset,fedprox,31,0.3890427947043777,0.8318538211968277,0.5742149481661699,0.7627933921383647,0.3,
edgeiiotset,fedprox,43,0.3507402338089215,0.8322819033886085,0.5893171479299084,0.8092739006076628,0.3,
edgeiiotset,fedprox,59,0.3062500858205649,0.3146178803172314,0.303630302476205,0.86103095020509,0.3,
edgeiiotset,scaffold,7,0.2958326192948563,0.5910012617159337,0.3825052213257914,0.7484118354431605,0.3,
edgeiiotset,scaffold,19,0.2351677694445604,0.7229632299927902,0.3683488860961904,0.6955221707595522,0.3,
edgeiiotset,scaffold,31,0.2552915122532646,0.7771944844989185,0.4544835355770942,0.7215273080010095,0.3,
edgeiiotset,scaffold,43,0.209194778255885,0.2854632299927901,0.2685464164351083,0.6924267761877337,0.3,
edgeiiotset,scaffold,59,0.3303655472411437,0.7348594087959625,0.4309600111366125,0.6951030996642819,0.3,
edgeiiotset,dexfcl,7,0.3128273690818624,0.6193673395818313,0.4662381246227266,0.8429093530670483,0.3,
edgeiiotset,dexfcl,19,0.4214025674857313,0.7289563806777217,0.516205332156049,0.9002176548481136,0.3,
edgeiiotset,dexfcl,31,0.3900580550776163,0.8344223143475126,0.5821720076716662,0.766199748124785,0.3,
edgeiiotset,dexfcl,43,0.3511121122204253,0.832935291997116,0.5908700527347853,0.8235573515354094,0.3,
edgeiiotset,dexfcl,59,0.3179761390569908,0.3421953857245854,0.3214671581429493,0.8636716759395894,0.3,
ciciot2023,fedavg,7,0.551602260410436,0.6657404027385626,0.6066271516248192,0.935574058931337,1.0,
ciciot2023,fedavg,19,0.5746192930751809,0.6580968628707229,0.6043619441904301,0.94302594453961,1.0,
ciciot2023,fedavg,31,0.5870204642738706,0.6850652978820093,0.629667627022606,0.94312833406369,1.0,
ciciot2023,fedavg,43,0.5766381239608711,0.6565472953341628,0.6028459092200391,0.9381915041449134,1.0,
ciciot2023,fedavg,59,0.5718768969279077,0.6676922618471143,0.6135545749928885,0.9382723747055832,1.0,
ciciot2023,fedprox,7,0.5512890062139562,0.6653008619469422,0.6060669629090717,0.935495470119194,1.0,
ciciot2023,fedprox,19,0.5737470905917766,0.65676334080801,0.6028751687607682,0.942747990220272,1.0,
ciciot2023,fedprox,31,0.5870189437506453,0.6852440941362279,0.6297546306946418,0.9428921403909044,1.0,
ciciot2023,fedprox,43,0.576351249502218,0.6563610492360185,0.6032248547057996,0.9381070544873252,1.0,
ciciot2023,fedprox,59,0.5704085679854864,0.6667014326049869,0.6123797373398692,0.938203200050343,1.0,
ciciot2023,scaffold,7,0.3309005940807407,0.4367173007725488,0.3542935752895021,0.8541489004089098,1.0,
ciciot2023,scaffold,19,0.2898701177776093,0.3975758207865545,0.3445090368304958,0.8944530913272837,1.0,
ciciot2023,scaffold,31,0.4012791351623619,0.5077217632290604,0.4625198909000586,0.902618121454802,1.0,
ciciot2023,scaffold,43,0.268465392273743,0.3777592359440069,0.309077154383395,0.8782765973193174,1.0,
ciciot2023,scaffold,59,0.4097240340793908,0.5071481252467761,0.4377697709665777,0.8991302751213031,1.0,
ciciot2023,dexfcl,7,0.5524107995542955,0.6662097429058861,0.6071054956181899,0.935728399498534,1.0,
ciciot2023,dexfcl,19,0.5775091191554296,0.6649656189702826,0.6100235037728408,0.9434852986388724,1.0,
ciciot2023,dexfcl,31,0.5861004134362381,0.6828899434556847,0.6277722221756126,0.9430887506784664,1.0,
ciciot2023,dexfcl,43,0.5785700219057343,0.6579776653679106,0.6054140879758685,0.9383130505604532,1.0,
ciciot2023,dexfcl,59,0.5717968243036119,0.6670217758937951,0.6127375762627832,0.9384187850270488,1.0,
ciciot2023,fedavg,7,0.3928411064985129,0.4240227667230371,0.4022706663603114,0.9224503249467249,0.5,
ciciot2023,fedavg,19,0.5360574414210222,0.6564131981434989,0.5879566995197796,0.9378699956227132,0.5,
ciciot2023,fedavg,31,0.4681349660579769,0.6237679820607758,0.5542800349974075,0.9269273022486776,0.5,
ciciot2023,fedavg,43,0.5320142350578171,0.6451639338155866,0.5787835310133753,0.9331099702507,0.5,
ciciot2023,fedavg,59,0.5009972072441572,0.6630286595495825,0.5921146214345139,0.936372051322702,0.5,
ciciot2023,fedprox,7,0.398466287091146,0.4329625794339609,0.4096448037953023,0.921974856297477,0.5,
ciciot2023,fedprox,19,0.5385397235911596,0.6577988691136921,0.5892952173309955,0.93817512248945,0.5,
ciciot2023,fedprox,31,0.4687829629322381,0.6243043708234313,0.5546348058617778,0.9270716946786548,0.5,
ciciot2023,fedprox,43,0.5261692773433382,0.6424670903144579,0.5757496493264102,0.9328447094862636,0.5,
ciciot2023,fedprox,59,0.5005728004547387,0.6624401218794467,0.5912163658025327,0.9362117829097928,0.5,
ciciot2023,scaffold,7,0.3794580503832463,0.5534489052454351,0.4507451528982493,0.8771228491982528,0.5,
ciciot2023,scaffold,19,0.2856020632283924,0.3735947731895017,0.3188972594710261,0.8900034640496824,0.5,
ciciot2023,scaffold,31,0.389695470839688,0.5201555527411701,0.4585396973500433,0.9019351208590828,0.5,
ciciot2023,scaffold,43,0.332303918258406,0.5045257801849051,0.4184076488770281,0.886624877491963,0.5,
ciciot2023,scaffold,59,0.3311974524709781,0.4135855353830337,0.3379237104343539,0.9031954566149074,0.5,
ciciot2023,dexfcl,7,0.3934390983910877,0.4207001363321438,0.3999867941571824,0.9226409670088188,0.5,
ciciot2023,dexfcl,19,0.5242847527100318,0.6461324135259366,0.5774069751393642,0.9379606432865656,0.5,
ciciot2023,dexfcl,31,0.4738783285244066,0.6298992036116844,0.5619136614234159,0.9270770217429716,0.5,
ciciot2023,dexfcl,43,0.5368335884164692,0.6486430109289211,0.5836197630443025,0.9331255233036062,0.5,
ciciot2023,dexfcl,59,0.5045057323759033,0.6665524357264715,0.5958925419445049,0.9368771313811796,0.5,
ciciot2023,fedavg,7,0.238441139418632,0.3517369311112932,0.2887561777308198,0.8837973838228912,0.1,
ciciot2023,fedavg,19,0.137953650284318,0.2134678278490065,0.1747000369614799,0.8634091352053549,0.1,
ciciot2023,fedavg,31,0.2914719901231006,0.5143446744790696,0.4212617858008068,0.9130865655310269,0.1,
ciciot2023,fedavg,43,0.3349646210691115,0.5294753074923081,0.4526962824700868,0.9094881877997132,0.1,
ciciot2023,fedavg,59,0.2401414364309225,0.3906847151552175,0.353588809738126,0.8374606414007557,0.1,
ciciot2023,fedprox,7,0.2398090569080808,0.3538228874105087,0.2903074680788953,0.8839103781981321,0.1,
ciciot2023,fedprox,19,0.13669388628301,0.2110019295095767,0.1719894052934499,0.8641331048410557,0.1,
ciciot2023,fedprox,31,0.2910148588771431,0.5150598594959436,0.4220487741595045,0.912896035384885,0.1,
ciciot2023,fedprox,43,0.3399519127799523,0.5328351871028302,0.4561284036338067,0.9104178857550116,0.1,
ciciot2023,fedprox,59,0.2386953812065779,0.3890606491793997,0.3508160404463005,0.8480081366375474,0.1,
ciciot2023,scaffold,7,0.321672000740108,0.5644970237873517,0.4700334505773044,0.8904716565192854,0.1,
ciciot2023,scaffold,19,0.2272905956811806,0.3245077515626047,0.2903675266414907,0.8795818603771632,0.1,
ciciot2023,scaffold,31,0.3218700276746872,0.5873084458880586,0.5048692334831925,0.9000248991212684,0.1,
ciciot2023,scaffold,43,0.3805213839642805,0.5381022267583494,0.4822642180758328,0.8878864476923581,0.1,
ciciot2023,scaffold,59,0.3461927013493163,0.5818328106026178,0.4901249932578835,0.9048054793521992,0.1,
ciciot2023,dexfcl,7,0.255971047782964,0.4084749424499557,0.3214585452623133,0.8837728222732429,0.1,
ciciot2023,dexfcl,19,0.1358727183263045,0.2086701283608108,0.1695668819920316,0.8700042552254239,0.1,
ciciot2023,dexfcl,31,0.3502598351724325,0.5305629847054705,0.4476681309482916,0.91065762845947,0.1,
ciciot2023,dexfcl,43,0.3243478820916335,0.5177120039335176,0.4427538460677296,0.9060851089755004,0.1,
ciciot2023,dexfcl,59,0.2556881292335787,0.3988348444100096,0.3641755739827566,0.82714263958075,0.1,
edgeiiotset,fedavg,7,0.4038496802340797,0.8585526315789473,0.6493156558913721,0.8234777550943962,1.0,
edgeiiotset,fedavg,19,0.3709280106585307,0.5941780821917808,0.4267401580508942,0.8263033580322708,1.0,
edgeiiotset,fedavg,31,0.3657868579433929,0.6038211968276856,0.4258015132918277,0.812628448122077,1.0,
edgeiiotset,fedavg,43,0.387376325077192,0.6992835255948089,0.4398004221318816,0.7941227084015696,1.0,
edgeiiotset,fedavg,59,0.4072506056602233,0.8671368060562364,0.6713106051287018,0.85209599045362,1.0,
edgeiiotset,fedprox,7,0.4041390725618191,0.8586427541456381,0.649832008537597,0.8235275159993511,1.0,
edgeiiotset,fedprox,19,0.371197797846844,0.594020367700072,0.4258897109329331,0.8207733954843195,1.0,
edgeiiotset,fedprox,31,0.3670486713015934,0.609476387887527,0.4296521527162992,0.8158630740025415,1.0,
edgeiiotset,fedprox,43,0.3873868777450302,0.6960841744772891,0.4387029453909298,0.7931140513650311,1.0,
edgeiiotset,fedprox,59,0.4040035288435917,0.8656047224224946,0.6671415428014359,0.8519353566598259,1.0,
edgeiiotset,scaffold,7,0.2739077114861054,0.8091204037490988,0.5173430180007035,0.7349037579376039,1.0,
edgeiiotset,scaffold,19,0.2409973235429723,0.5987743330930065,0.3178676376093636,0.6903013094991528,1.0,
edgeiiotset,scaffold,31,0.2604724411541424,0.7821061643835616,0.4578807380496127,0.7096302862396752,1.0,
edgeiiotset,scaffold,43,0.2404385667292302,0.7363914924297044,0.3851825266295182,0.6870990423202014,1.0,
edgeiiotset,scaffold,59,0.2913123337199796,0.6846386085075703,0.3853619383542754,0.6905441498832711,1.0,
edgeiiotset,dexfcl,7,0.3979862108497371,0.857673936553713,0.6463677047103198,0.8219716409511403,1.0,
edgeiiotset,dexfcl,19,0.3726172583490954,0.594651225666907,0.4281641771941855,0.8337906717323622,1.0,
edgeiiotset,dexfcl,31,0.3365578876362415,0.5252343186733959,0.3844435860387892,0.8194743207241536,1.0,
edgeiiotset,dexfcl,43,0.3889687139995111,0.7094673756308579,0.4468754079547721,0.7944986057583185,1.0,
edgeiiotset,dexfcl,59,0.3950664468024554,0.8656723143475126,0.6672799419750759,0.8565279626361334,1.0,
edgeiiotset,fedavg,7,0.4021684117512762,0.6372791997116077,0.4774144063965751,0.8299977658448153,0.5,
edgeiiotset,fedavg,19,0.3966936674587753,0.6128109228550829,0.4444695776083166,0.830842742043775,0.5,
edgeiiotset,fedavg,31,0.3188951618587393,0.4693583273251622,0.3820013819582681,0.8062819041679504,0.5,
edgeiiotset,fedavg,43,0.3210091277263045,0.7707732516222062,0.4894750203196338,0.7989192869788443,0.5,
edgeiiotset,fedavg,59,0.4093922109362864,0.8650865176640231,0.6655767711091044,0.887957405517204,0.5,
edgeiiotset,fedprox,7,0.4018391740211821,0.6376622206200433,0.4769265731846968,0.829918056174507,0.5,
edgeiiotset,fedprox,19,0.3978955148314538,0.61405010814708,0.445045413779888,0.8269012793084043,0.5,
edgeiiotset,fedprox,31,0.3156319345858851,0.4667673035328046,0.3767925767559984,0.8073738770553818,0.5,
edgeiiotset,fedprox,43,0.320589917890489,0.7689933309300648,0.4872499345677411,0.79885209013264,0.5,
edgeiiotset,fedprox,59,0.4122259066480894,0.8650865176640231,0.6656467522949634,0.8876133517420707,0.5,
edgeiiotset,scaffold,7,0.2738901946950583,0.6338545421773613,0.3813369655885498,0.7456815823530555,0.5,
edgeiiotset,scaffold,19,0.2324266585388115,0.714311463590483,0.3564500847338385,0.6947601654606078,0.5,
edgeiiotset,scaffold,31,0.2732056233032176,0.807791095890411,0.5089380137136154,0.7397734256997284,0.5,
edgeiiotset,scaffold,43,0.2407030642841209,0.7370899423215573,0.3862317132561493,0.6882038320892082,0.5,
edgeiiotset,scaffold,59,0.1566015732906748,0.2454713410237923,0.187833730299208,0.6720685566850874,0.5,
edgeiiotset,dexfcl,7,0.4009930638602823,0.636918709444845,0.4759972770760652,0.837711122326731,0.5,
edgeiiotset,dexfcl,19,0.3940246111001584,0.6022215212689257,0.4389101907100874,0.8402008074991202,0.5,
edgeiiotset,dexfcl,31,0.3200406713801096,0.4699891852919971,0.3843252297022078,0.8179893273819859,0.5,
edgeiiotset,dexfcl,43,0.3223708366999701,0.776541095890411,0.4967895643713918,0.8023694530871724,0.5,
edgeiiotset,dexfcl,59,0.4217478294008946,0.8658750901225667,0.668468021910399,0.8896078688516176,0.5,
edgeiiotset,fedavg,7,0.3191689401879572,0.6541546503244412,0.4876078250111209,0.8220966716280227,0.1,
edgeiiotset,fedavg,19,0.3454892407446956,0.8217600937274694,0.5558767466266707,0.7428924331513717,0.1,
edgeiiotset,fedavg,31,0.2534040972867076,0.3390185652487383,0.2965215123111009,0.6983944549659372,0.1,
edgeiiotset,fedavg,43,0.2334535129304557,0.3500585796683489,0.3054362815016461,0.7267995310751901,0.1,
edgeiiotset,fedavg,59,0.2993087850458771,0.8254776496034607,0.567244919771793,0.8233102421314529,0.1,
edgeiiotset,fedprox,7,0.3153755528789355,0.656948449891853,0.4885088868616687,0.812204112122839,0.1,
edgeiiotset,fedprox,19,0.3457213836806137,0.8221431146359048,0.556599603677385,0.7432006942907398,0.1,
edgeiiotset,fedprox,31,0.2307481109049339,0.3117564888248017,0.2790226496899969,0.6948100930602887,0.1,
edgeiiotset,scaffold,19,0.25379524526593694,0.7699396178803173,0.43908433419667836,0.703194896553462,0.1,5.135079622268677
edgeiiotset,scaffold,31,0.23171868290172534,0.45043258832011535,0.33929142396453976,0.7789876799146059,0.1,5.269890069961548
edgeiiotset,fedprox,59,0.29754285379912143,0.8243961788031723,0.5650371728477921,0.8245302016585084,0.1,5.496648550033569
edgeiiotset,scaffold,7,0.28035197379595694,0.6749053713049747,0.39515543957988075,0.7717922142817457,0.1,5.515597343444824
edgeiiotset,fedprox,43,0.2334794263596124,0.34994592645998557,0.30526496519239493,0.7231487642642146,0.1,5.849522113800049
edgeiiotset,scaffold,43,0.3115080945441815,0.7867700072098054,0.48094264426784883,0.6971022130117892,0.1,4.249483108520508
edgeiiotset,scaffold,59,0.13583998888072424,0.2032714491708724,0.2342704480798175,0.6689502799895717,0.1,4.209491968154907
edgeiiotset,dexfcl,19,0.3450935532556205,0.8210391131939437,0.5543986468122359,0.7560691776225053,0.1,4.913732528686523
edgeiiotset,dexfcl,7,0.3213343248407474,0.6523972602739726,0.4871394537107588,0.8320841910979883,0.1,5.12876033782959
edgeiiotset,dexfcl,31,0.17132598767564963,0.2015591204037491,0.23089777584508822,0.6979275189042147,0.1,5.294646263122559
edgeiiotset,dexfcl,43,0.23424838353443525,0.34890951694304256,0.30675763475990075,0.7382821843620476,0.1,4.923768520355225
edgeiiotset,dexfcl,59,0.3056850485714328,0.839108687815429,0.595508374588847,0.8256023379286962,0.1,4.86541748046875
