dataset,method,seed,accuracy,precision,recall,macro_f1,weighted_f1,mcc,auroc,seconds
ciciot2023,fedavg,7,0.5830620348503699,0.5629301555804094,0.5527964568003861,0.48198835893826686,0.5857448676180153,0.5157380492323855,0.9177044746690618,7.516304016113281
ciciot2023,fedavg,19,0.4783321289418987,0.4710023092323712,0.4442206752923651,0.3506350001839057,0.4546519628855335,0.38183818899073185,0.9213176802783618,6.675804615020752
ciciot2023,fedavg,31,0.5398007911734249,0.5162482801265768,0.4642649958890539,0.36784777939272106,0.5019981906845163,0.47460803734211304,0.9154539115192616,6.7978057861328125
ciciot2023,fedavg,43,0.703779305823543,0.6402280921519321,0.5413850702947778,0.5353229577216236,0.6886252973073901,0.631139072458146,0.9370071328751381,6.934971809387207
ciciot2023,fedavg,59,0.6012843530928027,0.5697696346264359,0.4645508141505253,0.37041047517962233,0.5384237771955075,0.5154918328681151,0.9176277775616348,7.215415954589844
ciciot2023,fedprox,7,0.580953729019377,0.5826583542459378,0.5548404899029646,0.48685675804311673,0.5847908427224224,0.5132166051185773,0.9179933816393876,6.771317481994629
ciciot2023,fedprox,19,0.4780564847166452,0.47243031331086643,0.44334664483466196,0.34993340270068796,0.45364313731309974,0.38164752122345785,0.9208491284973473,7.5082409381866455
ciciot2023,fedprox,31,0.5402775811846742,0.5130026536813006,0.4639710322002929,0.36872771051106307,0.5024288052654555,0.47492004040445973,0.9158038297157529,7.360954999923706
ciciot2023,fedprox,43,0.7026320298589744,0.620848672989904,0.5366959339438628,0.5284332408841917,0.6862072352277314,0.6299258212973746,0.9362403881050212,7.010801076889038
ciciot2023,fedprox,59,0.5958608667148423,0.5668333701008672,0.46336200606016387,0.36815094931586023,0.5351473281643977,0.50893329740663,0.9185297389665386,6.965157508850098
ciciot2023,scaffold,7,0.48259343966743895,0.4461777815696237,0.41934837779914685,0.33839037498319446,0.46618891407161933,0.3878048518055126,0.8736900049295909,6.577116966247559
ciciot2023,scaffold,19,0.4333052722545463,0.4583812791995125,0.4064832569674427,0.28946146950932305,0.30027718451256485,0.4000824380482687,0.8939846946364114,6.620199203491211
ciciot2023,scaffold,31,0.512295967399483,0.6674501292014225,0.44989078432074425,0.3835519144348214,0.4781267311934048,0.454239528484545,0.9057284792462927,6.919504880905151
ciciot2023,scaffold,43,0.4908404168932661,0.3410192398564354,0.4122331267901361,0.31756668251078385,0.4704448301245168,0.3978330953337893,0.89084612360816,6.581527233123779
ciciot2023,scaffold,59,0.34460743047433157,0.28598505697144905,0.36927035547161335,0.23772582989930713,0.3247146048957595,0.28918227278827474,0.899717416731382,6.36190390586853
ciciot2023,fedavg_ewc,7,0.582831089688671,0.5614999527651104,0.5527231510941917,0.481714946017828,0.5855806240303614,0.5155057760005295,0.9176721392367055,6.978215932846069
ciciot2023,fedavg_ewc,19,0.47822038128301214,0.47100453010976073,0.44413451955429173,0.35053799878387804,0.4545545633154102,0.38172331555429795,0.9213188447624225,7.130343914031982
ciciot2023,fedavg_ewc,31,0.5396964933584641,0.5162445706797608,0.4641775408143456,0.36775758964310723,0.5018630116416722,0.47451871018990377,0.9154614931338236,6.971041679382324
ciciot2023,fedavg_ewc,43,0.7037942055113945,0.6404311909897853,0.5413908846025803,0.5354570009499866,0.6886186677744472,0.6311480480531306,0.9370102647302647,7.06477427482605
ciciot2023,fedavg_ewc,59,0.6012471038731738,0.5697639251444035,0.4645300295160671,0.3703935044211073,0.538405062027179,0.5154455688088168,0.9176246714137934,6.992640018463135
ciciot2023,dexfcl,7,0.5914878083304155,0.5342482361744565,0.5430200714525627,0.4860991867740324,0.5995871162265758,0.5146341204448349,0.9184495292764867,7.874314308166504
ciciot2023,dexfcl,19,0.46901982403468645,0.4672192052083556,0.4361383334539928,0.3247791051278486,0.4330858828482347,0.3742132610644562,0.9185022100900525,8.13326644897461
ciciot2023,dexfcl,31,0.5427285798362524,0.5374589558416387,0.4649268324376077,0.37441026940197686,0.506640854536707,0.4773142145082362,0.9181072559227546,8.067498683929443
ciciot2023,dexfcl,43,0.7045540895918231,0.6036650750741274,0.5432706264997207,0.538559671480749,0.690886463498832,0.631532582648277,0.9374218323151258,7.827664375305176
ciciot2023,dexfcl,59,0.6277834479367658,0.5494992179652611,0.4748141848465558,0.37711409964110976,0.5552925777554593,0.5491466068034148,0.9134889524440771,8.1103515625
edgeiiotset,fedavg,7,0.617519826964672,0.49207160973068503,0.3967870900659447,0.31120297464883173,0.6894910394955333,0.4647145400837339,0.831457710761217,3.4681198596954346
edgeiiotset,fedavg,19,0.7782759552992069,0.4253482064599381,0.48706835020913597,0.43131232572455813,0.8085797186286018,0.5615194103253378,0.8981677114282478,3.944973945617676
edgeiiotset,fedavg,31,0.8351883561643836,0.42183630329550326,0.37578178937299445,0.3905605156537493,0.8068704095648398,0.5835046255653703,0.7673650058927782,3.692592144012451
edgeiiotset,fedavg,43,0.831696106705119,0.3674647371311998,0.357587602256714,0.35045250901294417,0.791600824518715,0.5881523218178986,0.8128204177494966,3.6076059341430664
edgeiiotset,fedavg,59,0.32112923576063446,0.44859746600499767,0.41261022721628465,0.3087992220596525,0.3858405784461984,0.3063757437405818,0.859783622823513,3.259958267211914
edgeiiotset,fedprox,7,0.6164383561643836,0.4919456126003314,0.39628091914287866,0.310899818710604,0.6886543179086138,0.46385680016875386,0.8245361957776467,3.344900608062744
edgeiiotset,fedprox,19,0.7689032083633742,0.42227077532752816,0.48628879551172294,0.42750240075538204,0.8026461010354667,0.551406000661225,0.8999462895878056,3.2890496253967285
edgeiiotset,fedprox,31,0.8318538211968277,0.42057279251280916,0.3724591296319722,0.38904279470437775,0.8041827173272876,0.5742149481661699,0.7627933921383647,3.135617971420288
edgeiiotset,fedprox,43,0.8322819033886085,0.3678393508434979,0.35768271331020324,0.35074023380892155,0.7920948532821516,0.5893171479299084,0.8092739006076628,3.354063034057617
edgeiiotset,fedprox,59,0.3146178803172314,0.4484089057646134,0.4111357991610085,0.30625008582056495,0.3760884067930571,0.30363030247620504,0.86103095020509,3.208134889602661
edgeiiotset,scaffold,7,0.5910012617159337,0.3823171587339294,0.3639233468761707,0.2958326192948563,0.6512947304711948,0.3825052213257914,0.7484118354431605,3.4426043033599854
edgeiiotset,scaffold,19,0.7229632299927902,0.21357157597826348,0.27515698733498667,0.23516776944456041,0.6885153090992234,0.3683488860961904,0.6955221707595522,3.1759917736053467
edgeiiotset,scaffold,31,0.7771944844989185,0.23317258457184734,0.28597326135248474,0.25529151225326463,0.7327264469669109,0.4544835355770942,0.7215273080010095,3.1714396476745605
edgeiiotset,scaffold,43,0.28546322999279017,0.2876244737229565,0.3829687040634165,0.20919477825588503,0.298871758207531,0.2685464164351083,0.6924267761877337,3.0332283973693848
edgeiiotset,scaffold,59,0.7348594087959625,0.3563126526865232,0.3429758304971615,0.33036554724114375,0.72302723607106,0.4309600111366125,0.6951030996642819,2.9597339630126953
edgeiiotset,fedavg_ewc,7,0.6173846431146359,0.49207896736601864,0.39683053938122775,0.31118167686622183,0.689381746438667,0.464681540234461,0.8314134778526712,3.250842332839966
edgeiiotset,fedavg_ewc,19,0.7789518745493872,0.4255868138593069,0.48722308669290415,0.4316002189390407,0.809025842681745,0.5623625908115545,0.8981227997890954,3.47772216796875
edgeiiotset,fedavg_ewc,31,0.8351883561643836,0.42183630329550326,0.37578178937299445,0.3905605156537493,0.8068704095648398,0.5835046255653703,0.7673654223512938,3.352402448654175
edgeiiotset,fedavg_ewc,43,0.831696106705119,0.3674647371311998,0.357587602256714,0.35045250901294417,0.791600824518715,0.5881523218178986,0.8128204522772409,3.494205951690674
edgeiiotset,fedavg_ewc,59,0.32112923576063446,0.44859746600499767,0.41261022721628465,0.3087992220596525,0.3858405784461984,0.3063757437405818,0.8597837412880404,3.530853748321533
edgeiiotset,dexfcl,7,0.6193673395818313,0.6502166075591896,0.39806678288031677,0.3128273690818624,0.6911061161343272,0.4662381246227266,0.8429093530670483,3.879457473754883
edgeiiotset,dexfcl,19,0.7289563806777217,0.4198501106116245,0.4913036936883944,0.42140256748573135,0.7787434833160085,0.516205332156049,0.9002176548481136,3.804530382156372
edgeiiotset,dexfcl,31,0.8344223143475126,0.42086964786534775,0.37660141848756457,0.3900580550776163,0.8070413364270708,0.5821720076716662,0.766199748124785,3.5873842239379883
edgeiiotset,dexfcl,43,0.832935291997116,0.3682005180468016,0.3579792756984855,0.3511121122204253,0.7927013689246474,0.5908700527347853,0.8235573515354094,3.654507875442505
edgeiiotset,dexfcl,59,0.3421953857245854,0.4501637200875008,0.41453396933154885,0.3179761390569908,0.4179239517834072,0.32146715814294935,0.8636716759395894,3.677680015563965
