dataset,configuration,macro_f1,macro_f1,accuracy,accuracy,mcc,mcc,auroc,auroc
,,mean,std,mean,std,mean,std,mean,std
ciciot2023,full,0.42019246648514325,0.08861427055350389,0.5871147499459887,0.08857427498342096,0.5093681570938438,0.09464209351334044,0.9211939560096993,0.009314184625439878
ciciot2023,no_adaptive,0.4237081171762799,0.0803008338495296,0.5834240972651623,0.08398745550744544,0.5065284571346741,0.09030473650332874,0.9222167857176913,0.008445720020913382
ciciot2023,no_drift,0.4231430175218276,0.08492260773159908,0.5885346901982403,0.08625731014518873,0.5105592793324508,0.0924557255857541,0.9212599430863238,0.009114094741951849
ciciot2023,no_explanation,0.4201180710415529,0.08831679995195317,0.5870730308200043,0.08835832899956479,0.5093036720972896,0.09442177812780679,0.9211477137204493,0.009382203289978967
ciciot2023,no_retention,0.4199122393121379,0.08961398981281332,0.5869687330050436,0.08846837992489989,0.5091941606417234,0.09451842835166667,0.9206691501370876,0.009890933340577713
edgeiiotset,full,0.3586752485845252,0.04673126277665547,0.6715753424657535,0.20436828556435013,0.49539053506563524,0.1097495126808571,0.8393111567029891,0.04977309482140001
edgeiiotset,no_adaptive,0.35822866700777345,0.052313818869413414,0.6754235760634464,0.21689379803875936,0.499068128147229,0.118554769427205,0.8365578587627791,0.04980089879539993
edgeiiotset,no_drift,0.3574677891316035,0.04665783980413023,0.6662220620043259,0.20190583877980314,0.48550776290345404,0.10302011015433152,0.8395047660877255,0.04914636609213541
edgeiiotset,no_explanation,0.35870684321569,0.0469310948646964,0.6720845349675558,0.20494958314075842,0.4962009242025601,0.11053218371838125,0.8387170529802976,0.048780150953087006
edgeiiotset,no_retention,0.3584768780582386,0.04711484770880078,0.6728550829127613,0.20492088655198148,0.49657329473755213,0.11048973573324224,0.8368667743118647,0.04966051285897085
