dataset,comparison,statistic,raw_p,adjusted_p,median_delta
CICIoT2023,Friedman overall,5.280000000000001,0.259755021185245,0.259755021185245,
CICIoT2023,DEx-FCL vs FedAvg,5.0,0.625,1.0,0.004110827835765607
CICIoT2023,DEx-FCL vs FedProx,6.0,0.8125,1.0,0.005682558890913791
CICIoT2023,DEx-FCL vs SCAFFOLD,1.0,0.125,0.5,0.1393882697418026
CICIoT2023,DEx-FCL vs FedAvg+EWC,5.0,0.625,1.0,0.004384240756204416
Edge-IIoTset,Friedman overall,6.061855670103088,0.19457623216314943,0.19457623216314943,
Edge-IIoTset,DEx-FCL vs FedAvg,6.0,0.8125,1.0,0.0006596032074812075
Edge-IIoTset,DEx-FCL vs FedProx,4.0,0.4375,1.0,0.0010152603732386245
Edge-IIoTset,DEx-FCL vs SCAFFOLD,1.0,0.125,0.5,0.13476654282435174
Edge-IIoTset,DEx-FCL vs FedAvg+EWC,6.0,0.8125,1.0,0.0006596032074812075
