dataset,alpha,method,mean,std
ciciot2023,0.1,dexfcl,0.26442792252138264,0.08311417151564923
ciciot2023,0.1,fedavg,0.24859456746521694,0.07367872761749669
ciciot2023,0.1,fedprox,0.2492330192109528,0.0755654502677068
ciciot2023,0.1,scaffold,0.3195093418819145,0.05689687608540446
ciciot2023,0.3,dexfcl,0.42019246648514325,0.08861427055350389
ciciot2023,0.3,fedavg,0.42124091428322785,0.08234792068701419
ciciot2023,0.3,fedprox,0.4204204122909839,0.08132221387112007
ciciot2023,0.3,scaffold,0.31333925426748593,0.05445820873862457
ciciot2023,0.5,dexfcl,0.48658830008357973,0.05723845532770581
ciciot2023,0.5,fedavg,0.48600899125589725,0.05883390172055766
ciciot2023,0.5,fedprox,0.48650621028252417,0.055999231975016404
ciciot2023,0.5,scaffold,0.3436513910361422,0.041999298570668996
ciciot2023,1.0,dexfcl,0.5732774356710618,0.012727490775683943
ciciot2023,1.0,fedavg,0.5723514077296532,0.01293689235153133
ciciot2023,1.0,fedprox,0.5717629716088165,0.013026428677142318
ciciot2023,1.0,scaffold,0.3400478546747691,0.06389359566197785
edgeiiotset,0.1,dexfcl,0.2755374595755771,0.07143020865552395
edgeiiotset,0.1,fedavg,0.2901649152391387,0.04624166330071876
edgeiiotset,0.1,fedprox,0.28457346552464335,0.050901402609702336
edgeiiotset,0.1,scaffold,0.24264279707770492,0.06673635518552977
edgeiiotset,0.3,dexfcl,0.3586752485845252,0.04673126277665547
edgeiiotset,0.3,fedavg,0.3584655094199471,0.05268169402063305
edgeiiotset,0.3,fedprox,0.35688706675997006,0.051810304506097124
edgeiiotset,0.3,scaffold,0.265170445297942,0.04827421519007078
edgeiiotset,0.5,dexfcl,0.37183540248828295,0.04733713657110721
edgeiiotset,0.5,fedavg,0.36963171594627636,0.045580250002904436
edgeiiotset,0.5,fedprox,0.3696364895954199,0.04735900651984539
edgeiiotset,0.5,scaffold,0.23536542282237663,0.04784587120435123
edgeiiotset,1.0,dexfcl,0.37823930352740814,0.025284190571154736
edgeiiotset,1.0,fedavg,0.38703829591468375,0.018724577956398758
edgeiiotset,1.0,fedprox,0.3867551896597757,0.017539120025042747
edgeiiotset,1.0,scaffold,0.261425675326486,0.02183860409842367
