dataset,method,accuracy,accuracy,precision,precision,recall,recall,macro_f1,macro_f1,weighted_f1,weighted_f1,mcc,mcc,auroc,auroc,seconds,seconds
,,mean,std,mean,std,mean,std,mean,std,mean,std,mean,std,mean,std,mean,std
ciciot2023,dexfcl,0.5871147499459887,0.08857427498342096,0.5384181380527678,0.04865066616467945,0.49243400973808793,0.04842421254930666,0.42019246648514325,0.08861427055350389,0.5570985789731617,0.09699596156498716,0.5093681570938438,0.09464209351334044,0.9211939560096993,0.009314184625439878,8.002619075775147,0.1413821496704414
ciciot2023,fedavg,0.5812517227764078,0.08325895543481579,0.552035694343545,0.06336053478645867,0.49344360248542163,0.04982526094556002,0.42124091428322785,0.08234792068701419,0.5538888191381925,0.08937069550012586,0.5037630361782982,0.08975146593043916,0.9218221953806915,0.008745579829809454,7.028060436248779,0.33884020698250394
ciciot2023,fedavg_ewc,0.581157854742943,0.08330849312310705,0.5517888339377641,0.06337265891540546,0.4933912251162953,0.04984193955855956,0.4211722079631814,0.08238207743385256,0.553804385757814,0.08940105246262009,0.5036682837213358,0.08979169488308202,0.921817482655402,0.008749734394364347,7.027403163909912,0.06855267114787716
ciciot2023,fedprox,0.5795561382989026,0.08255370560753165,0.5511546728657752,0.05862733683184327,0.49244322138838925,0.049796029354815946,0.4204204122909839,0.08132221387112007,0.5524434697386214,0.08874292416848134,0.5017286570900998,0.08910187122390173,0.9218832933848095,0.008223948032217349,7.123294401168823,0.30257898675950734
ciciot2023,scaffold,0.4527285053378131,0.06700772987953241,0.43980269735968863,0.1463106255513441,0.41144518026981663,0.028915749996174155,0.31333925426748593,0.05445820873862457,0.4079504529595731,0.08766942839104389,0.38582843729207805,0.05994112335872818,0.8927933438303673,0.01209761396166248,6.6120504379272464,0.19957450855704412
edgeiiotset,dexfcl,0.6715753424657535,0.20436828556435013,0.46186012083409284,0.1093528153606629,0.40769702801726193,0.051401244538026,0.3586752485845252,0.04673126277665547,0.6975032513170922,0.16268586066950708,0.49539053506563524,0.1097495126808571,0.8393111567029891,0.04977309482140001,3.7207119941711424,0.11857137121533926
edgeiiotset,fedavg,0.6767618961788032,0.21759645501188243,0.43106366452446476,0.04525493838896147,0.40596701182421474,0.04989375032654021,0.3584655094199471,0.05268169402063305,0.6964765141307777,0.18051735126372334,0.5008533283065845,0.11964558874755632,0.8339188937310504,0.04918718807590728,3.5946500301361084,0.2552037514803572
edgeiiotset,fedavg_ewc,0.6768700432588319,0.21768471085089558,0.43111285753140527,0.04525000809247875,0.40600664898402494,0.049954639953462776,0.35851882850632166,0.05278605413272494,0.6965438803300331,0.18058778717660837,0.5010153644339732,0.11975552017859384,0.8339011787116682,0.049172950430970114,3.4212053298950194,0.11651545676911527
edgeiiotset,fedprox,0.6728190338860851,0.21876899126038749,0.430207487409756,0.04524514044446253,0.4047694713515571,0.05004774426682085,0.35688706675997006,0.051810304506097124,0.6927332792693154,0.1834769339819258,0.4964850398804524,0.11825142982860753,0.831516145663314,0.05200976423287956,3.266353225708008,0.09335270441568147
edgeiiotset,scaffold,0.622296322999279,0.20076953721165375,0.294599689138704,0.07397692591265967,0.330199626024844,0.04762026814259954,0.265170445297942,0.04827421519007078,0.618887096163184,0.18173657161976575,0.38096881411415934,0.07194434078111356,0.7105982380111475,0.02422241659370795,3.1565996170043946,0.1846425644462134
