dataset,heldout,Combined_auroc,Combined_auroc,Combined_aupr,Combined_aupr,Combined_unknown_recall,Combined_unknown_recall,Combined_known_fpr,Combined_known_fpr
,,mean,std,mean,std,mean,std,mean,std
ciciot2023,BruteForce,0.3915432097728678,0.1009441287015211,0.00763255407960866,0.0011959880154364083,0.00288534548215638,0.003537073560775117,0.04973742419910614,0.0008932174319252254
ciciot2023,DDoS,0.6258152570488675,0.05348342228396809,0.47957425670622883,0.0740568253221353,0.20709810259702874,0.16857934196009514,0.04967214587263088,0.0009130207472879232
ciciot2023,DoS,0.7083328102887007,0.06666048728682719,0.25011989986048755,0.0383489068178045,0.05098019703453076,0.03769695266187599,0.04964383657662548,0.0009714636163812816
ciciot2023,Mirai,0.7331622956757233,0.27909775052742747,0.31768386079307476,0.24703120496508763,0.16530005941770645,0.36921624465078645,0.049640589835746166,0.000980858365381507
ciciot2023,Recon,0.40226802889557023,0.10348023493375247,0.12707906749850095,0.02309824975624902,0.021381089393789042,0.03065894720816943,0.050176641273570376,0.000316098341842122
ciciot2023,Spoofing,0.39136849228404297,0.10032677483528478,0.057041236693936015,0.009616333344813382,0.01350339103148088,0.018018387655424288,0.050096500257333976,0.00029714010366125394
ciciot2023,Web-based,0.33929300606412116,0.09597439297305203,0.01332782098835914,0.002355158727482038,0.00875912408759122,0.012683612183920537,0.04965354988046896,0.0009146816441809022
edgeiiotset,DoS_DDoS,0.3516726057395065,0.0663894952247879,0.11783430000339587,0.014053724752876045,0.00940828402366862,0.014518384843946767,0.04889963852859872,0.0006937010532749099
edgeiiotset,Information_Gathering,0.4977451506340908,0.09264384478759147,0.03370437196320504,0.009493543219474878,0.01683638832315,0.015311866077596336,0.048803337139661104,0.0002479445564684375
edgeiiotset,Injection,0.416055898127054,0.03439553829543099,0.03683441561784624,0.0021796736944732233,9.546539379473999e-05,0.00021346711002382524,0.04832935278677668,0.0011752726862190829
edgeiiotset,MITM,0.7571607303877366,0.0816678668096722,0.00210395702780452,0.0007504892629439415,0.0,0.0,0.04885031559963926,0.0004256358789111819
edgeiiotset,Malware,0.37360410907194164,0.03389813260313612,0.02803402260393136,0.0013058281820860589,0.0,0.0,0.049544122817297497,0.0006720738324636431
