dataset,method,accuracy,precision,recall,macro_f1,weighted_f1,mcc,auroc,seconds
CICIoT2023,DEx-FCL,0.587 ± 0.089,0.538 ± 0.049,0.492 ± 0.048,0.420 ± 0.089,0.557 ± 0.097,0.509 ± 0.095,0.921 ± 0.009,8.003 ± 0.141
CICIoT2023,FedAvg,0.581 ± 0.083,0.552 ± 0.063,0.493 ± 0.050,0.421 ± 0.082,0.554 ± 0.089,0.504 ± 0.090,0.922 ± 0.009,7.028 ± 0.339
CICIoT2023,FedAvg+EWC,0.581 ± 0.083,0.552 ± 0.063,0.493 ± 0.050,0.421 ± 0.082,0.554 ± 0.089,0.504 ± 0.090,0.922 ± 0.009,7.027 ± 0.069
CICIoT2023,FedProx,0.580 ± 0.083,0.551 ± 0.059,0.492 ± 0.050,0.420 ± 0.081,0.552 ± 0.089,0.502 ± 0.089,0.922 ± 0.008,7.123 ± 0.303
CICIoT2023,SCAFFOLD,0.453 ± 0.067,0.440 ± 0.146,0.411 ± 0.029,0.313 ± 0.054,0.408 ± 0.088,0.386 ± 0.060,0.893 ± 0.012,6.612 ± 0.200
Edge-IIoTset,DEx-FCL,0.672 ± 0.204,0.462 ± 0.109,0.408 ± 0.051,0.359 ± 0.047,0.698 ± 0.163,0.495 ± 0.110,0.839 ± 0.050,3.721 ± 0.119
Edge-IIoTset,FedAvg,0.677 ± 0.218,0.431 ± 0.045,0.406 ± 0.050,0.358 ± 0.053,0.696 ± 0.181,0.501 ± 0.120,0.834 ± 0.049,3.595 ± 0.255
Edge-IIoTset,FedAvg+EWC,0.677 ± 0.218,0.431 ± 0.045,0.406 ± 0.050,0.359 ± 0.053,0.697 ± 0.181,0.501 ± 0.120,0.834 ± 0.049,3.421 ± 0.117
Edge-IIoTset,FedProx,0.673 ± 0.219,0.430 ± 0.045,0.405 ± 0.050,0.357 ± 0.052,0.693 ± 0.183,0.496 ± 0.118,0.832 ± 0.052,3.266 ± 0.093
Edge-IIoTset,SCAFFOLD,0.622 ± 0.201,0.295 ± 0.074,0.330 ± 0.048,0.265 ± 0.048,0.619 ± 0.182,0.381 ± 0.072,0.711 ± 0.024,3.157 ± 0.185
