dataset,shots,new_f1,new_f1,historical_macro_f1,historical_macro_f1,overall_macro_f1,overall_macro_f1
,,mean,std,mean,std,mean,std
ciciot2023,5,0.9976735893624913,0.003478800918038528,0.2870658989746998,0.08048295436221041,0.2622771899049902,0.07080388178642827
ciciot2023,10,0.9981204879733167,0.003661878573161751,0.2651685621572815,0.09346826270731114,0.24269720964387967,0.08297153841923746
ciciot2023,25,0.9993082400813835,0.0015468222021361472,0.23823863036836873,0.07813751644683033,0.21798784158780746,0.07028159932283444
ciciot2023,50,0.9993490642799024,0.001455536519121106,0.2628575341473751,0.07484604768421581,0.2395284938380458,0.06735911134230028
ciciot2023,100,0.9993490642799024,0.001455536519121106,0.2432837547807177,0.07829412308891369,0.22210506107810848,0.07058770703420542
edgeiiotset,5,0.672412471589583,0.3296508982158414,0.1619053280963888,0.10080872909967832,0.14282648933104708,0.08414290376458747
edgeiiotset,10,0.8399363502571197,0.32404859231808236,0.09856190020897093,0.11125063037581534,0.09358529771918812,0.09255416879595223
edgeiiotset,25,0.8337640205400781,0.3259710990322218,0.09128406202807696,0.10445146044467482,0.08763242220983333,0.08757989970620268
edgeiiotset,50,0.8449962057689729,0.33240918983881945,0.07948309697483144,0.10897663836738344,0.07754941314034267,0.09112411436111657
edgeiiotset,100,0.8549587777117769,0.32242139690473676,0.07790663135774023,0.11057123980771494,0.07600452041818076,0.09175900201395135
