dataset,seed,heldout,MSP_auroc,MSP_aupr,MSP_unknown_recall,MSP_known_fpr,MSP_fpr95,Energy_auroc,Energy_aupr,Energy_unknown_recall,Energy_known_fpr,Energy_fpr95,Prototype_auroc,Prototype_aupr,Prototype_unknown_recall,Prototype_known_fpr,Prototype_fpr95,Combined_auroc,Combined_aupr,Combined_unknown_recall,Combined_known_fpr,Combined_fpr95,seconds
ciciot2023,7,BruteForce,0.7901063965762299,0.0557481340784448,0.3128321943811693,0.0500624463939088,0.6575304332124532,0.6603329172982515,0.0170159568627015,0.1336370539104024,0.049919496817491,0.7637795868004875,0.3258730284192533,0.0066733180789005,0.0167046317388003,0.0496712159742389,0.972576252313526,0.4300505014237887,0.0079387534121707,0.0007593014426727,0.0505514844184961,0.9521344628857756,
ciciot2023,19,BruteForce,0.732502821601728,0.0300468105345054,0.2270311313591496,0.0508900492047489,0.7121823133755661,0.7571509635845737,0.0250905480962771,0.1913439635535307,0.0501527303369095,0.6373820665994553,0.3813753251698688,0.0071257929161969,0.0,0.0490542756970672,0.9690551785364973,0.5282617248101772,0.0095234500229416,0.0,0.0484072407722286,0.8380306062566772,
ciciot2023,31,BruteForce,0.8545979925773162,0.0374521542101614,0.2065299924069855,0.0502129196322434,0.3290022119566035,0.7906743587854874,0.0236202299801582,0.1040242976461655,0.0496185503408218,0.4159983146997306,0.2113690666485504,0.0057503112007283,0.0007593014426727,0.0495282663978211,0.9794829739530824,0.2506941706381833,0.006380058602888,0.0045558086560364,0.0493702694975698,0.9662338053177244,
ciciot2023,43,BruteForce,0.8311740966341422,0.0397942866918222,0.2665148063781321,0.0500398754081586,0.5844230103676061,0.7773010011703209,0.0362093122012648,0.2604403948367502,0.0502956799133274,0.5995831891298132,0.2813646869290022,0.006121926384303,0.0015186028853454,0.0494981717501542,0.9813337947845976,0.3831517491531367,0.0072970469484522,0.0083523158694001,0.049836736536407,0.9767368373534768,
ciciot2023,59,BruteForce,0.7570336127394003,0.0340581929890528,0.25208807896735,0.0494906480882375,0.7463472621394285,0.6434214676912877,0.012464484059374,0.0037965072133637,0.0501978723084099,0.6840137231593361,0.2761234538203515,0.0062133043913062,0.0007593014426727,0.0499571151270746,0.9637058549137036,0.365557902839053,0.0070234614115908,0.0007593014426727,0.0505213897708292,0.8744752245813082,
ciciot2023,7,DDoS,0.4190066295950655,0.3193091206083819,0.0388336617441937,0.0505703763585736,0.9617129255366929,0.4177623688502601,0.2976603439275653,0.0319481037040317,0.0485942692894996,0.966282673133926,0.780421434791063,0.5742256151588296,0.2760865233466911,0.0504019581424593,0.5290689841013204,0.6170393021835943,0.5817423826047939,0.3940708924657383,0.050547920596425,0.9733674660917992,
ciciot2023,19,DDoS,0.2814047944016203,0.2376037921127911,0.0019261850466048,0.0499640707805622,0.8866545405551064,0.6913144844775791,0.5456581956487956,0.1994597825846303,0.049795652564448,0.8864412108146951,0.5646549315897365,0.4112340993900985,0.1062058582593486,0.0498293362076708,0.910390281146142,0.6237147576259956,0.479301146566138,0.2298802222861823,0.0499079313751908,0.7800907212790802,
ciciot2023,31,DDoS,0.3064315934075654,0.240148637005344,0.0002878207540903,0.0502672235695679,0.9689885924728284,0.1538921826973165,0.2118092452000457,2.214005800695198e-05,0.0497844246833737,0.9672819545495374,0.7895605164628214,0.5440680661803727,0.1846259437199725,0.0507500224557621,0.4588722716248989,0.7067321730338066,0.4430278488822383,0.0226714193991188,0.0482349770951226,0.9496317255007636,
ciciot2023,43,DDoS,0.3232997418856632,0.2439595953651216,0.0056235747337658,0.0509858079583221,0.9279282313841732,0.3919343762466025,0.2741496081038398,0.0245976044457236,0.0522208748764933,0.9405034581873708,0.7412976600818418,0.5171056182703926,0.0191511501760134,0.0497844246833737,0.6005456750202102,0.6251468523916248,0.5102576387923559,0.342528837425554,0.0493914488457738,0.954201473097997,
ciciot2023,59,DDoS,0.326963357071441,0.3285088349458613,0.1151947218101711,0.049717057396928,0.9613087218180184,0.3942050841269404,0.3899203396602141,0.2257843115548962,0.0508286176232821,0.9561214407616996,0.7214999075528783,0.4528195902155709,0.0499922509796975,0.0503682744992365,0.5844336656786131,0.5564432000093167,0.3835422666856181,0.0463391414085504,0.0502784514506422,0.9655416329830234,
ciciot2023,7,DoS,0.6619241212874365,0.2930521579639399,0.2315653298835705,0.0499680197664128,0.794660615247124,0.51704046651828,0.1643379134673243,0.0142302716688227,0.0502045858778793,0.8604435176504605,0.7192502076406614,0.2350105182746531,0.0001492685839387,0.0499592580585807,0.5652440573716628,0.737118237255778,0.2405933685564954,0.0013931734500945,0.0499680197664128,0.5144261519455372,
ciciot2023,19,DoS,0.421871898779715,0.1205664170974308,0.0013434172554483,0.0506251478538196,0.7758667519472896,0.8542765940831206,0.4710505111905861,0.3475470196039407,0.0496525982844576,0.4453050388581742,0.6675078897243414,0.1927830065195944,0.0032839088466514,0.0485573848054462,0.6161846267074378,0.7780883000137315,0.3035610733324131,0.0830430888645636,0.048434720895797,0.5161346849727949,
ciciot2023,31,DoS,0.3585937274784535,0.1089970238820435,0.0,0.0498453558567636,0.9173595717277212,0.3194354985359486,0.1036707554439528,0.0002985371678774,0.0497489770706106,0.9165885414384972,0.7082005481718169,0.2090163815126138,0.0113941685739874,0.0492320363085172,0.4314703021913031,0.6921253870543725,0.2285038071847656,0.0919494477062394,0.049889164395924,0.9516441344746918,
ciciot2023,43,DoS,0.3655634520078047,0.1096174774976933,0.0003482933625236,0.0510106629984316,0.8735685559829321,0.3726587942208828,0.1111014139001205,0.0016419544233257,0.0509843778749353,0.9143981144804746,0.7334478158126526,0.2301904808489731,0.0013434172554483,0.0492232746006851,0.4974547238747777,0.6022508478225299,0.205654167631281,0.050303512787342,0.0489779467813866,0.9805840554440872,
ciciot2023,59,DoS,0.2216325839210984,0.0944352046326808,0.0002487809732311,0.0495912663296329,0.9650495474577904,0.281305865451066,0.1043767309241916,0.051796198626729,0.0497840239019389,0.9319653386838164,0.7468493978918019,0.2350221177974111,0.0246790725445317,0.0509931395827674,0.4542244574312425,0.7320812792970913,0.2722870825974825,0.0282117623644143,0.050949331043607,0.9971436832467384,
ciciot2023,7,Recon,0.5809124460988638,0.1589149902048787,0.0,0.050660541933674,0.7565506298598266,0.4067264951765469,0.115901598110322,9.921619208254789e-05,0.0488722134072041,0.7967266574912556,0.3761877672571322,0.1112838296853204,0.0012402024010318,0.0502485250672814,0.8919551515257773,0.3496560871655278,0.1095658599740066,0.0120547673380295,0.0501082640063818,0.9256967029884372,
ciciot2023,31,Mirai,0.3686163040759335,0.0874923296770296,0.0001320393477256,0.0497547949346679,0.652623358301703,0.3709758828896185,0.0882911490423455,0.0,0.0495280642235732,0.6457710523663969,0.8101261888749843,0.2322113489880252,6.601967386281111e-05,0.0491585771388263,0.2850005038460246,0.8552345690144615,0.2871979670005738,6.601967386281111e-05,0.0497463975009237,0.2328692351617345,
ciciot2023,7,Mirai,0.6993730747176988,0.1638000355968545,0.0196738628111177,0.0508212690201874,0.5543733834940042,0.774970677061704,0.2127780028306455,0.0007922360863537,0.0484615901380538,0.4667377649390346,0.785798032472237,0.2100774837221296,0.0003961180431768,0.0487387054516139,0.2446508347049141,0.8871654781894613,0.3273109157742906,0.0004621377170396,0.0480417184508414,0.1315457996036411,
ciciot2023,19,Recon,0.7252118370681059,0.309270704872141,0.1551245163210636,0.0509498303717794,0.7096596039378292,0.4389209744608678,0.1905091277230381,0.1313622383172933,0.0509235314228608,0.8902983177439008,0.4567324740408425,0.1320502278967743,0.0004960809604127,0.0494770892323336,0.9431767377030498,0.3716204625364366,0.1260754562218562,0.0757515626550253,0.0501433292716067,0.9895768499118984,
ciciot2023,59,Mirai,0.5379223559072386,0.1106935604062199,0.0094408133623819,0.049486077054852,0.6786470054751268,0.84660773957833,0.4190247220894799,0.4088598402323892,0.0504937691041617,0.5621494071411777,0.6191981957289491,0.1474681124978154,0.0,0.0506533203453024,0.8098485102952537,0.6849523425371846,0.1791764656598109,0.0,0.0506281280440697,0.7588173054314602,
ciciot2023,43,Recon,0.8683177561296684,0.5890153152749877,0.4549558487945233,0.0495647523953959,0.4776152113120546,0.886951229849511,0.5847598830223464,0.4627939279690445,0.049687480823683,0.4234569091721967,0.4157481031564543,0.1194237820278333,0.0051096338922512,0.0496173502932332,0.9602798208164948,0.5420885786173235,0.1562200547133608,0.011409862089493,0.0497400787215204,0.8076056560272807,
ciciot2023,31,Recon,0.8256817676346971,0.366773559673754,0.1752654033138208,0.0494069587018838,0.4927809385218237,0.7338697066312632,0.2592029389226903,0.0920230181565631,0.0494420239671087,0.5145915334917115,0.1907873176794837,0.0903894119928283,0.0018354995535271,0.0491615018453095,0.9720617499320612,0.2791824857659538,0.10031047750995,0.0049112015080861,0.0502748240162001,0.8845300816144048,
ciciot2023,59,Recon,0.8596945667452647,0.5439031921346469,0.377219962297847,0.0494157250181901,0.6010361785873958,0.8159704930507234,0.3514276102831826,0.2311241194562952,0.0500819650574632,0.4763616280802644,0.315382393601432,0.1032450489164467,0.0014882428812382,0.0504413840260184,0.9767867944211164,0.4687925303926095,0.1432234890733311,0.0027780533783113,0.0506167103521429,0.8887992776555363,
ciciot2023,7,Spoofing,0.5214006651090651,0.0687212226796453,0.0002024496406518,0.0508475939269171,0.7793521616057643,0.4490741304674622,0.06016489164337,0.0,0.0494322568193515,0.7627058672156459,0.4551513955115258,0.0610717188862249,0.0032391942504302,0.0505259264024704,0.8932626737004632,0.4572099952203442,0.0639478538488803,0.0316833687620204,0.0500193000514668,0.8911316263510036,
ciciot2023,19,Spoofing,0.6768262288669744,0.1285908523308025,0.0985929749974693,0.0500032166752444,0.8088812403499742,0.3807187749887378,0.0549131261275892,0.0152849478692175,0.0493116314976839,0.9003393592382913,0.4975606879396123,0.0697913913155116,0.0,0.0486522130725681,0.9268608466289244,0.368446913097528,0.0536382713611246,0.0,0.0498665079773546,0.9712911734431292,
ciciot2023,19,Mirai,0.6899608357483538,0.155218025597113,0.005941770647653,0.0507204998152564,0.4415454637062913,0.9030413719312675,0.5153616322581958,0.6590744041724433,0.0505945383090927,0.3810839407477075,0.9400382729272831,0.4941948149185205,0.6559054598270284,0.0501914614893688,0.148693359309395,0.9689995073017668,0.722322742624689,0.8257740806760414,0.0501914614893688,0.1275066339726579,26.11244797706604
ciciot2023,31,Spoofing,0.8103185107772395,0.1982494638071707,0.2002226946047171,0.0500595084920226,0.4855490864642305,0.811198960441804,0.2099934430709769,0.2088268043324223,0.0476389603705609,0.5145072053525476,0.2211398185185625,0.0447831026212978,0.0001012248203259,0.0508797606793618,0.9872700077200206,0.2683880577738969,0.0469324604235673,0.0001012248203259,0.0505902599073597,0.974483723623263,9.36424970626831
ciciot2023,43,Spoofing,0.8246278131890992,0.2404370627865075,0.2230995039983804,0.0506626351003602,0.437548250128667,0.8629385101838525,0.2957829366355108,0.2939568782265411,0.0506385100360267,0.3605812532166752,0.2569494393972262,0.0457026683485346,0.0013159226642372,0.0484672542460113,0.981174408131755,0.5237900749903738,0.0700033212209497,0.0347201133717987,0.0498745496654657,0.7682787570766856,9.595492362976074
ciciot2023,7,Web-based,0.5891083313952384,0.0211771323834583,0.0579886455798864,0.0505065836906614,0.7012939703259591,0.5101817349813187,0.0168349117280758,0.0064882400648824,0.0493074792243767,0.7598755359921071,0.3980093434177665,0.013753989157608,0.008110300081103,0.0503623875839562,0.9135658179334422,0.4191323603866145,0.0165197889451447,0.0296025952960259,0.0497097104693962,0.9055363715705992,9.722986936569214
ciciot2023,59,Spoofing,0.8059954477256377,0.2241436518242532,0.2043729122380807,0.0498102161605764,0.5638510036026763,0.7661526129672642,0.146013539920647,0.1014272699665958,0.0506706767884714,0.4687580416881112,0.2409987054436916,0.0448825166790845,0.0009110233829334,0.0502525090066906,0.9764217704580546,0.3390074203380721,0.0506842766151582,0.0010122482032594,0.0501318836850231,0.8982002702007206,9.767339944839478
ciciot2023,43,Mirai,0.2361215739465463,0.0723369423932499,0.0030369049976893,0.0508800510563971,0.8138792784924926,0.4030140155458846,0.0892723637737432,0.005215554235162,0.0508968459238856,0.6520943199758154,0.4343852820816025,0.0909568744911898,0.0,0.0493937052836653,0.7450791038258708,0.2694595813357425,0.0724112129060094,0.0001980590215884,0.0495952436935272,0.8820664404957845,10.072979211807253
edgeiiotset,7,DoS_DDoS,0.8791581419294243,0.736559786068284,0.7075443786982248,0.0510312566446948,0.6133053370189241,0.8821155422794466,0.7478617791922636,0.7072485207100592,0.0507920476291728,0.6207473952796088,0.1609719757437969,0.0980904878207363,0.0,0.0486657452689772,1.0,0.3459472826422011,0.1213765211965194,0.0,0.0487454816074845,0.7749043163937912,2.7291276454925537
edgeiiotset,19,DoS_DDoS,0.5868620601447898,0.234301834217582,0.1244082840236686,0.0496225813310652,0.9087550499681054,0.7454309544644171,0.5725664924509162,0.5378698224852071,0.050446523495641,0.9532213480756964,0.407602403791109,0.1212763290519848,0.0357988165680473,0.0498352115670848,1.0,0.4468261634585503,0.1265060520153941,0.0140532544378698,0.0499149479055921,0.8566606421433128,2.7909295558929443
ciciot2023,31,Web-based,0.823887800508961,0.0562032792961784,0.178426601784266,0.0491860509239934,0.4709900201115622,0.7602839223618421,0.0393800480505021,0.1131386861313868,0.0484271240465981,0.5507076993131712,0.194880708912796,0.0106988669380823,0.0008110300081103,0.0502940841649907,0.9760330892118544,0.2323907529222454,0.0111263811944017,0.0016220600162206,0.0508253329791674,0.9583121466246728,8.204836368560791
ciciot2023,43,Web-based,0.8416033804437346,0.0587348423756819,0.1788321167883211,0.050726672485106,0.4251584259856563,0.8402849265704393,0.0607949710758534,0.1780210867802108,0.0509012256669069,0.389033506621637,0.2099274021505205,0.0106780542804953,0.0,0.0487534626038781,0.9879937767996052,0.4531353620562844,0.0150970442117201,0.0121654501216545,0.0486472128410427,0.7713125640344553,8.130111455917358
ciciot2023,19,Web-based,0.7141042066922887,0.0398519230574372,0.137875101378751,0.0515235457063711,0.8655257465943157,0.4098459406136948,0.0139862915240317,0.0012165450121654,0.0498463173073274,0.8803020528972033,0.3865241869164884,0.0136010210937545,0.0004055150040551,0.0488824801730353,0.9287139984062536,0.3299363723215244,0.0122749233160153,0.0,0.0488597123667134,0.9542746556369294,8.452712059020996
edgeiiotset,31,DoS_DDoS,0.8447017896325775,0.7356656609945731,0.703698224852071,0.0480810121199234,0.796619179247289,0.8651366562102498,0.764143744745376,0.7363905325443787,0.0483733786944503,0.7935626196045078,0.1985740779679846,0.1083776398590655,0.0149408284023668,0.049968105464597,1.0,0.3568541993527988,0.133296064028369,0.0329881656804733,0.0486125877099723,0.7778545609185626,2.8909695148468018
ciciot2023,59,Web-based,0.841320878684677,0.0591600962969062,0.1804541768045417,0.0501574773270595,0.4084316776078625,0.7612004727505088,0.0362686177929845,0.0247364152473641,0.0509164042044549,0.4578454065950745,0.1776669301367801,0.0105384249002672,0.0,0.0504306910029218,0.9786362084013204,0.2618701826339373,0.0116209672745139,0.0004055150040551,0.0502257807460251,0.9027359313930104,8.4388427734375
edgeiiotset,43,DoS_DDoS,0.884793458506279,0.7200663485223523,0.642603550295858,0.0527854560918562,0.6439506697852435,0.9198113307696084,0.8181297148898103,0.8087278106508876,0.0469647033808207,0.5614767169891559,0.2810164959858179,0.1009073328180352,0.0,0.0491441633000212,1.0,0.3493172340108982,0.1103305746374869,0.0,0.0491707420795237,0.8781097172017861,2.894899845123291
edgeiiotset,59,DoS_DDoS,0.8542298358280689,0.7388214049780151,0.7159763313609467,0.0482670635764405,0.7313948543482883,0.8579585437093533,0.4593889253236331,0.0859467455621301,0.0491707420795237,0.5692111418243674,0.2132386168120059,0.0982237540138084,0.0,0.0478949606634063,1.0,0.2594181492330842,0.09766228813921,0.0,0.048054433340421,0.9538326600042526,2.9872772693634038
edgeiiotset,7,Information_Gathering,0.6021134572365104,0.0372817994915721,0.0135777325186693,0.0473305213115518,0.6980727552375847,0.7351599609308349,0.0793877238444155,0.1079429735234216,0.0484258115634685,0.7921978047586866,0.328173741185497,0.0222709015035136,0.0,0.0485656358509473,0.9044067954603716,0.3611907280012121,0.023472835345856,0.0,0.0485423318030341,0.884342010207173,3.3185184001922607
edgeiiotset,19,Information_Gathering,0.7044060851061615,0.0865094192596922,0.1914460285132382,0.0508494325464333,0.9168511570459787,0.5632328207439503,0.0366361102241801,0.0393754243041412,0.0496143180070378,0.9671645964904104,0.459097772947791,0.0310797668912892,0.0380176510522742,0.048891892521731,0.8205821351168698,0.490237344213112,0.02979249508094,0.0359809911744738,0.0490084127612966,0.8252429446994943,3.134594202041626
edgeiiotset,31,Information_Gathering,0.4943026744614514,0.0299446116611108,0.0081466395112016,0.0487520682342522,1.0,0.5047950965878428,0.0311130020632053,0.0196877121520706,0.0489618046654703,0.8976486215655659,0.4893884392905742,0.0335612728917444,0.0,0.0481694670364242,0.98820815175596,0.5971413416452054,0.0469898633389399,0.0257976917854718,0.0490550208571228,0.8251963366036681,3.2948498725891118
edgeiiotset,43,Information_Gathering,0.4770988447441454,0.0295644450381029,0.0,0.048519027755121,0.7756519307403696,0.4398255468149292,0.0265632239037157,0.0,0.0522709794691337,0.7816876791498684,0.5525767719267636,0.0380581088368022,0.0027155465037338,0.0504532637319102,0.925263918342616,0.5688168613978539,0.0397746995646433,0.0027155465037338,0.0485423318030341,0.8927780755517233,3.470158576965332
edgeiiotset,59,Information_Gathering,0.5208913749282269,0.0330519754222267,0.0224032586558044,0.0522476754212206,0.8570296660529934,0.527317398901843,0.0327492336782855,0.0244399185336048,0.0518981147025238,0.8081610775791755,0.4637662398007414,0.0283027245726043,0.0,0.0481228589405979,0.971662277737643,0.4713394779130705,0.028491966485646,0.0196877121520706,0.0488685884738179,0.9153130898837128,3.531963586807251
edgeiiotset,7,Injection,0.6985374249728724,0.0788864183513421,0.0902147971360381,0.0487360779398898,0.5757525597673154,0.6785559823582371,0.0787134730980023,0.1102625298329355,0.051502754853508,0.605925890893613,0.3380778788257252,0.0325744759200694,0.0,0.0492563077868949,0.9718130010168128,0.3820862029547678,0.034660299822794,0.0,0.0489488992409373,0.9314006006290052,3.372488260269165
edgeiiotset,19,Injection,0.6972893530486411,0.0894027949805701,0.1174224343675417,0.0519283974556031,0.6658232637328856,0.6685647474805564,0.0760788618307427,0.1346062052505966,0.04987112487881,0.659344037456549,0.3836404079644943,0.0347407451328178,0.0,0.0467733926080068,0.9354678521601362,0.4705930513026881,0.0401848409897228,0.0,0.0463950436283667,0.8749083686064935,3.453162431716919
edgeiiotset,31,Injection,0.6460928385096052,0.0696495978015234,0.1241050119331742,0.0489016056184823,0.7132114734328076,0.592952223113477,0.0524430402981415,0.0229116945107398,0.0455201116129489,0.7613327342807822,0.3766200478342821,0.0340834137158454,0.0,0.04968195038899,0.9478114876208944,0.4014834790339978,0.0358989243210025,0.0004773269689737,0.0480266736030646,0.9772754144103668,3.5132811069488525
edgeiiotset,43,Injection,0.6478253427334393,0.064534557645193,0.0463007159904534,0.0480739672255196,0.7952422615810258,0.5361820535827713,0.0477370865227063,0.0081145584725536,0.0471044479651918,0.7988129300763792,0.416005600964519,0.0368015455337012,0.0,0.0488306651847998,0.9667052897916716,0.3993900702919806,0.0356777537803329,0.0,0.0491380737307574,0.965924945021164,3.0922813415527344
edgeiiotset,59,Injection,0.5755203808141174,0.0553861282288948,0.0587112171837708,0.0507933505166828,0.7531272907848376,0.5004450171851367,0.0426666199741143,0.0,0.0522358060015606,0.7979852916834165,0.4427219940345698,0.0388535069576735,0.0,0.0484996098276147,0.9613374636430276,0.4267266870518358,0.037750259175379,0.0,0.0491380737307574,0.955969637494384,3.1130220890045166
edgeiiotset,7,MITM,0.3379964119326721,0.0006695299838893,0.0416666666666666,0.0481740306582506,0.709467989179441,0.3611882889990983,0.0006573544274479,0.0,0.0504508566275924,0.7033363390441839,0.6789388901412685,0.0014310817025469,0.0,0.0470243462578899,0.430770964833183,0.724093590321611,0.0016725220056248,0.0,0.0483994589720468,0.3908701532912534,3.4273881912231445
edgeiiotset,19,MITM,0.2764695108205591,0.000601511937091,0.0,0.0504959422903516,0.7337240757439134,0.4026365719867749,0.0007734277680145,0.0416666666666666,0.0506988277727682,0.7334761045987376,0.7673593890892696,0.0019284671791716,0.0,0.0494815148782687,0.3301623083859333,0.8435936091073039,0.0029350578932831,0.0,0.0485572587917042,0.2488728584310189,3.714633703231812
edgeiiotset,31,MITM,0.2288778366396153,0.000570555725518,0.0,0.0522993688007213,0.915892696122633,0.2555394311692214,0.0005846732853517,0.0,0.0500225428313796,0.9126916140667268,0.7316327584911332,0.0015420955105506,0.0,0.0486699729486023,0.2864517583408476,0.6398327134054703,0.0011831639616583,0.0,0.0494138863841298,0.3719341749323715,3.6370770931243896
edgeiiotset,19,Malware,0.5772236140059736,0.04330916759114486,0.03781268179173938,0.047556545177546,0.7696941286769015,0.5602188526261558,0.04304350000499417,0.058173356602675974,0.05086136177194422,0.7552091878589008,0.3751638013237728,0.02789609229765655,0.0,0.04959568733153639,0.9569201921950076,0.41496754856602636,0.029844943273515383,0.0,0.049361303175905306,0.9202156334231806,4.281967639923096
edgeiiotset,31,Malware,0.6245301562349697,0.05388011022900959,0.06748109365910412,0.049314426344779096,0.7328255009961326,0.552047401502581,0.03946208119519612,0.013961605584642234,0.04774405250205086,0.7337864760342201,0.37618774239040614,0.027894789553463126,0.0,0.04957224891597328,0.9035509199578109,0.3804841375852719,0.028076566398109407,0.0,0.04893941169576937,0.9284190788702684,4.373920202255249
edgeiiotset,43,MITM,0.29006847385031553,0.000596016323537257,0.0,0.04896302975653742,0.7478809738503156,0.7865292493237152,0.0024024218323698376,0.0,0.052164111812443646,0.6441614066726781,0.8082051209798617,0.0025039668940969708,0.0,0.049932371505861134,0.39357529305680794,0.8230758754132852,0.0028074794670863014,0.0,0.049165915238954014,0.4512849413886384,4.537071943283081
edgeiiotset,7,Malware,0.7423052424809078,0.07472954898384661,0.09598603839441536,0.050814484940818,0.5205906480721904,0.6830477603053184,0.055248879973178254,0.04072134962187318,0.05172858314777921,0.6189851166061174,0.26563024965457654,0.02436672734036894,0.0,0.0484472049689441,0.9822336810031642,0.32062410133140157,0.026153972497965597,0.0,0.04896285011133247,0.9246689323801711,4.542791366577148
edgeiiotset,59,MITM,0.33966927787796813,0.000712665762749554,0.041666666666666664,0.05015779981965735,0.7156672678088368,0.8866250563570784,0.005814444335138405,0.0,0.04844454463480613,0.5482642019837691,0.7180140704839194,0.0016371482164352982,0.0,0.04866997294860234,0.544702434625789,0.7552078636910129,0.0019215618113701985,0.0,0.048715058611361585,0.4637962128043282,4.575688600540161
edgeiiotset,43,Malware,0.6631037207155303,0.06224706035862629,0.1169284467713787,0.051892652056720966,0.720309387085433,0.5040490237845379,0.03524065139219086,0.0,0.04833001289112856,0.8155396695183406,0.39558772849642976,0.029072876164538027,0.0,0.05058010078518692,0.9553029415211531,0.37281278780318844,0.027999547656384474,0.0,0.05048634712293449,0.9655220907066683,2.1807377338409424
edgeiiotset,59,Malware,0.5412763383059179,0.03849794872008961,0.02210587550901687,0.04776749091761397,0.7751787179186687,0.5443885481183239,0.04024558388239506,0.04595695171611402,0.049197234266963555,0.831055900621118,0.3402657526366343,0.026654468679768156,0.0,0.04910348060471112,0.9455525606469003,0.3791319700738201,0.02809508319368228,0.0,0.049970701980546116,0.8999414039610922,2.262779951095581
